applicationId,applicationReferenceNumber,applicationStatus,dateReceived,dateValidated,decisionDate,proposalText,siteAddress
702952,LA03/2025/0695/O,Valid,2025-09-23T21:44:00,2025-09-24T00:00:00,,"Site for dwelling and garage on a farm (Renewal of previous approval LA03/2022/0692/O)
","Approx 30m south east of 4 Creggan Road, Randalstown
"
702936,LA03/2025/0696/DC,Valid,2025-09-24T00:00:00,2025-09-24T00:00:00,,"Demolition of 6 Station Road and extension of retail unit and associated car parking, EV charging and landscaping, and relocation of bulk fuel (Discharge of Condition 11 from PAC approval 2024/A0125 (LA03/2023/0959/F) regarding waste water treatment works)","Eurospar Supermaket 8 Station Road, Doagh, Ballyclare, BT39 0QT"
702905,LA03/2025/0691/F,Valid,2025-09-23T06:43:00,2025-09-23T00:00:00,,"CONSTRUCTION OF A 3M HIGH GREEN TIMBER + BLACK ALUMINIUM PERFORATED FENCE WITHIN THE GARDEN TO THE FRONT, SIDE + REAR OF THE EXISTING DWELLING","35 Ballyclare Road, Ballyclare, BT39 0BL"
702911,LA03/2025/0648/F,Valid,2025-09-05T15:04:00,2025-09-22T00:00:00,,"Proposed residential development comprising 7 dwellings, parking, access, amenity space, landscaping and ancillary site works","Lands to the rear of Nos. 32, 34 and 36 Ypres Park, Newtownabbey, BT37 0BP"
702835,LA03/2025/0688/F,Valid,2025-09-22T10:49:00,2025-09-22T00:00:00,,Proposed side and rear extensions and alterations to dwelling. Change of curtilage to include relocation of the existing public road access.,"30 Junction Road, Antrim, BT41 2NJ"
702833,LA03/2025/0690/F,Valid,2025-09-22T16:54:00,2025-09-22T00:00:00,,Extensions and alteration to dwelling to include formation of new driveway access from main road,"6 Alexandra Terrace, Crumlin, BT29 4EZ"
702829,LA03/2025/0684/F,Valid,2025-09-19T08:33:00,2025-09-22T00:00:00,,Proposed erection of 2no. Modular Teaching Units to be located at rear of existing school site,"Earlview Primary School, 2 Manse Drive, Newtownabbey, BT36 5US"
702846,LA03/2025/0671/F,Valid,2025-09-15T20:44:00,2025-09-21T00:00:00,,Replacement of defective main entrance door and rear door with like-for-like timber replicas.,"Old Forge, 8 John Street, Randalstown, Antrim, BT41 3AD"
702832,LA03/2025/0685/O,Consultation Open,2025-09-19T18:55:00,2025-09-19T00:00:00,,Dwelling,"Approx 25m East of 122 Hydepark Road, Newtownabbey, BT36 4PZ"
702825,LA03/2025/0680/LBC,Consultation Open,2025-09-18T14:56:00,2025-09-18T00:00:00,,Repairs to existing raised light-well and surrounding flat roof area,"Northern Ireland Housing Executive, Rantalard House, Rathcoole Drive, Newtownabbey, BT37 9BL"
702834,LA03/2025/0677/A,Valid,2025-09-17T14:35:00,2025-09-17T00:00:00,,"3 no signs (2 Fascia, 1 Totem)","John Mulholland Motors, 211a Castle Road, Antrim, BT41 2EB"
702821,LA03/2025/0676/F,Valid,2025-09-17T13:39:00,2025-09-17T00:00:00,,Extension and alterations to dwelling,"32 Tardree Road, Ballymena, BT42 3PE"
702820,LA03/2025/0674/F,Valid,2025-09-16T13:10:00,2025-09-17T00:00:00,,Proposed dwelling (Change of house type from approval LA03/2021/0822/F),"Site 5 of Kingsfort Mews, Ballyrobert (5m south of Site 4 Kingsfort Mews, 35m west of 56 Ballyrobert Road and 20m east of 62 Forthaven) "
702819,LA03/2025/0673/F,Valid,2025-09-16T13:01:00,2025-09-17T00:00:00,,Change of house type from LA03/2021/0822/F - addition of sunroom and garage extension (single-storey) to dwelling,"Site 4 of Kingsfort Mews, Ballyrobert (10m south of Site 3 Kingsfort Mews, 20m east of 58, 60 and 62 Forthaven and 30m west of 58 Ballyrobert Road)"
702818,LA03/2025/0668/F,Valid,2025-09-13T19:15:00,2025-09-16T00:00:00,,Dog Grooming Salon ,"15 Harmin Park, Newtownabbey, BT36 7UR"
702852,LA03/2025/0672/LBC,Valid,2025-09-15T20:44:00,2025-09-15T00:00:00,,Replacement of defective main entrance door and rear door with like-for-like timber replicas.,"Old Forge, 8 John Street, Randalstown, Antrim, BT41 3AD"
702816,LA03/2025/0704/DC,Consultation Open,2025-09-15T00:00:00,2025-09-15T00:00:00,,"Mixed use development comprising petrol filling station and local neighbourhood supermarket, care home and consequential modifications to the housing layout approved under planning reference U/2008/0155/RM and realignment to access road serving St Enda's Gaelic Athletic Club and the Gaelscoil Eanna (Discharge of Conditions 18 and 19 from approval LA03/2022/0042/O regarding programme of archaeological work)","Land to the south of Hightown Road and 30m east of Holly Manor and 20-30 (evens) Hollybrook Manor, Glengormley"
702800,LA03/2025/0669/O,Valid,2025-09-15T12:28:00,2025-09-15T00:00:00,,Replacement dwelling & garage & retention of dwelling for farm storage,"Approx 125m South of no 22 Ballynamullan Road, Toomebridge, Antrim, BT41 3NZ"
702796,LA03/2025/0670/DC,Valid,2025-09-15T13:16:00,2025-09-15T00:00:00,,"Demolition of part of the existing Tramways Shopping Centre, proposed extension to existing Eurospar retail unit along with additional associated forecourt parking and new landscaped space to link beside remaining Tramways Shopping Centre (Discharge of condition 15 from planning approval LA03/2023/0600/F regarding the submission of a final Construction Environmental Management Plan)","290 Antrim Road, Newtownabbey, BT36 7QT"
702777,LA03/2025/0663/F,Valid,2025-09-11T09:37:00,2025-09-14T00:00:00,,Proposed dwelling (Change of house type to plot 19 within planning approval LA03/2022/0907/F comprising erection of a garage),"Lands adjacent and to the rear of No. 36 Shanes Street, Randalstown, BT41 2AA"
702749,LA03/2025/0667/O,Consultation Open,2025-09-13T09:57:00,2025-09-13T00:00:00,,Proposed replacement dwelling and garage,"56 Ballylagan Road, Ballyclare, BT39 9QR"
702738,LA03/2025/0666/DC,Consultation Open,2025-09-12T13:16:00,2025-09-12T00:00:00,,"Proposed hotel development comprising 81no. bedrooms, food and beverage offer, associated car parking spaces, new site access, landscaping and all associated site and access works (Discharge of Condition 10 from approval LA03/2024/0466/F regarding submission of drainage layout and vertical alignment)","Lands situated at the junction of Ballyrobin Road and Antrim Road and 120m east of Hillhead Farm, 6 Antrim Road, Crumlin, Co. Antrim"
702553,LA03/2025/0646/F,Consultation Open,2025-09-05T10:17:00,2025-09-12T00:00:00,,Proposed replacement of wind turbine approved by T/2013/0250/F with a Vestas V52 turbine comprising of a 59m tower and 26m blade span (overall tip height of 85m).,"Land approximately 250m South West, No. 49 Greenhill Road, Belfast, BT14 8SH"
702723,LA03/2025/0664/NMC,Valid,2025-09-11T14:50:00,2025-09-11T00:00:00,,"Non-material change to planning approval LA03/2022/0114/F (Proposed 2 no replacement dwellings, garages and associated site works). Site plan to show position of garages not shown on approved site plan 03/3","50m east of 266 Belfast Road, Dunadry, BT41 2HH"
702710,LA03/2025/0657/F,Valid,2025-09-09T11:29:00,2025-09-11T00:00:00,,3 No dwellings (Change of house type from approval LA03/2022/0597/F),"80m SE of 24 Aylesbury Grove and 50m north of 106 Hydepark Road, Newtownabbey, BT36 7YS"
702677,LA03/2025/0661/F,Consultation Open,2025-09-10T21:28:00,2025-09-10T00:00:00,,Removal and replacement of existing garage and outbuildings,"101 Circular Road, Newtownabbey, BT37 0RD"
702662,LA03/2025/0662/O,Valid,2025-09-10T07:59:00,2025-09-10T00:00:00,,Site for infill dwelling,"30m east of 18 Creevery Road, Antrim, BT41 2JP"
702656,LA03/2025/0549/F,Valid,2025-07-30T13:54:00,2025-09-10T00:00:00,,Storage shed to house classic and racing cars.,"31 Ballyhill Lane, Crumlin, BT29 4YP"
702650,LA03/2025/0660/DC,Valid,2025-09-10T08:58:00,2025-09-10T00:00:00,,Proposed change of use from first floor retail space to first floor office/workspace (Discharge of Condition 2 from approval LA03/2022/0469/F regarding method of sewage disposal),"First Floor, 55-59 High Street,  Antrim,  BT41 4AY"
702644,LA03/2025/0659/DC,Valid,2025-09-10T10:33:00,2025-09-10T00:00:00,,"Proposed demolition of existing pig farm (6no units housing 4,200 finishing pigs) and replacement with 3 no. new pig units (to house 2,755 sows, 235 replacement breeders and 5 boars) with air scrubber units, associated underground slurry and washings stores, scrubber water storage tank, 7no. feed bins, welfare facilities, feed kitchen/store, concrete hardstanding and 2no turning areas, loading bay, landscaped bund, tree and shrub planting, parking and new access. (Discharge of Condition 14 from approval LA03/2018/0185/F regarding submission of landscaping scheme)","Lands adjacent and to the north of 10 Calhame Road, Ballyclare, Co. Antrim, BT39 9NA"
